{
    "name": "NIF25 [PSNR]",
    "type": "inr",
    "results": {
        "config": [
            "128_32_3.0_5_psnr_0.70",
            "224_32_4_0_5_psnr_0.20"
        ],
        "state_bpp": [],
        "bpp": [
            0.17162720471660267,
            0.37543588117982574
        ],
        "psnr": [
            28.400213623046874,
            30.66249313354492
        ],
        "ms-ssim": [
            0.8735921382904053,
            0.9173147082328796
        ],
        "lpips": [
            0.3169553354382515,
            0.23263670019805432
        ],
        "ssim": [
            0.7679848313331604,
            0.8180679678916931
        ],
        "encode_time": [
            807.67716,
            1092.19276
        ],
        "decode_time": [
            5.94488,
            5.4737
        ],
        "decode_time_no_context": []
    }
}