{
    "name": "NIF25 [Visual]",
    "type": "inr",
    "results": {
        "config": [
            "128_32_3.0_5_visual_0.70",
            "224_32_4.0_5_visual_0.40"
        ],
        "state_bpp": [],
        "bpp": [
            0.13583814467493696,
            0.24052224110014012
        ],
        "psnr": [
            27.45008239746094,
            29.19828872680664
        ],
        "ms-ssim": [
            0.8878125667572021,
            0.9299223303794861
        ],
        "lpips": [
            0.30754976645112037,
            0.23396241292357445
        ],
        "ssim": [
            0.7928478360176087,
            0.8391273856163025
        ],
        "encode_time": [
            885.51372,
            1174.6769000000002
        ],
        "decode_time": [
            5.37472,
            5.33404
        ],
        "decode_time_no_context": []
    }
}