{
    "name": "NIF25 [MS-SSIM]",
    "type": "inr",
    "results": {
        "config": [
            "128_32_3.0_5_msssim_0.70",
            "224_32_4.0_5_msssim_0.20"
        ],
        "state_bpp": [],
        "bpp": [
            0.13420894805446135,
            0.2676626541974232
        ],
        "psnr": [
            26.300627136230467,
            29.052280044555665
        ],
        "ms-ssim": [
            0.8874759078025818,
            0.9367350220680237
        ],
        "lpips": [
            0.32766412273049356,
            0.2400171473622322
        ],
        "ssim": [
            0.7969816565513611,
            0.8508711695671082
        ],
        "encode_time": [
            877.4432,
            1168.14796
        ],
        "decode_time": [
            5.2487,
            5.32046
        ],
        "decode_time_no_context": []
    }
}