{
    "name": "Strumpler basic [2021]",
    "type": "inr",
    "results": {
        "config": [
            "CelebA100_1x_epochs25000_lr0.0005_ffdims_12_hdims24_hlayer3_nerf_sine_l1_reg1e-05_enc_scale1.4",
            "CelebA100_1x_epochs25000_lr0.0005_ffdims_12_hdims32_hlayer3_nerf_sine_l1_reg1e-05_enc_scale1.4",
            "CelebA100_1x_epochs25000_lr0.0005_ffdims_12_hdims48_hlayer3_nerf_sine_l1_reg1e-05_enc_scale1.4",
            "CelebA100_1x_epochs25000_lr0.0005_ffdims_12_hdims64_hlayer3_nerf_sine_l1_reg1e-05_enc_scale1.4"
        ],
        "state_bpp": [
            0.6177445624162458,
            0.9420595814864446,
            1.762706937429131,
            2.7608926914751057
        ],
        "bpp": [
            0.6177445624162458,
            0.9420595814864446,
            1.762706937429131,
            2.7608926914751057
        ],
        "psnr": [
            31.002355403900147,
            32.771795768737796,
            35.85585754394531,
            38.488949871063234
        ],
        "ms-ssim": [
            0.9735718500614167,
            0.9822571659088135,
            0.9904757076501847,
            0.9944446903467178
        ],
        "ssim": [
            0.858548927307129,
            0.8920710003376007,
            0.9337909698486329,
            0.9589306730031967
        ]
    }
}