{
    "name": "NIF25 [MS-SSIM] w. L2 + SSIM loss",
    "type": "ablation",
    "results": {
        "config": [
            "l2_ssim_64_16_2_5_ms_ssim_0.05",
            "l2_ssim_176_32_4_0_ms_ssim_0.05",
            "l2_ssim_240_ms_ssim_0.05",
            "l2_ssim_320_64_4.5_6_ms_ssim_0.05"
        ],
        "state_bpp": [],
        "bpp": [
            0.15052880181206596,
            0.5232933892144097,
            0.8360171847873263,
            1.6441141764322917
        ],
        "psnr": [
            24.755758841832478,
            28.689346313476562,
            30.56580400466919,
            32.995644330978394
        ],
        "ms-ssim": [
            0.902444563806057,
            0.9622920652230581,
            0.9765511626998583,
            0.9863240892688433
        ],
        "lpips": [
            0.32380773810048896,
            0.1453176320840915,
            0.0910859174715976,
            0.050750130166610084
        ],
        "ssim": [
            0.7444129114349683,
            0.8702329198519388,
            0.9110629707574844,
            0.9498447254300117
        ]
    }
}