{
    "name": "NIF25 [MS-SSIM] w. L2 loss",
    "type": "ablation",
    "results": {
        "config": [
            "l2_64_16_2_5_ms_ssim_0.05",
            "l2_176_32_4_0_ms_ssim_0.05",
            "l2_240_ms_ssim_0.05",
            "l2_320_64_4.5_6_ms_ssim_0.05"
        ],
        "state_bpp": [],
        "bpp": [
            0.14618428548177084,
            0.5035510592990451,
            0.8031082153320312,
            1.56660885281033
        ],
        "psnr": [
            27.27164642016093,
            31.454276243845623,
            33.377600272496544,
            36.31165607770284
        ],
        "ms-ssim": [
            0.887367365260919,
            0.9543042207757632,
            0.97052979717652,
            0.9844896246989568
        ],
        "lpips": [
            0.3273698203265667,
            0.14259158819913864,
            0.09076849867900212,
            0.04357585516603043
        ],
        "ssim": [
            0.696197630216678,
            0.8280757317940394,
            0.875358891983827,
            0.9284178763628006
        ]
    }
}