{
    "name": "NIF25 [PSNR] w. LogCosh + SSIM loss",
    "type": "ablation",
    "results": {
        "config": [
            "logcosh_ssim_64_16_2_5_psnr_1.00",
            "logcosh_ssim_176_32_4_0_psnr_1.00",
            "logcosh_ssim_240_psnr_0.25",
            "logcosh_ssim_320_64_4.5_6_psnr_0.50"
        ],
        "state_bpp": [],
        "bpp": [
            0.10628848605685765,
            0.40244462754991317,
            0.8348049587673612,
            1.6259485880533855
        ],
        "psnr": [
            26.21059838930766,
            30.314467430114746,
            33.164918740590416,
            36.013792991638184
        ],
        "ms-ssim": [
            0.8906606013576189,
            0.9593607013424238,
            0.9793088361620903,
            0.989061156908671
        ],
        "lpips": [
            0.3214215027789275,
            0.13771028770133853,
            0.07484508911147714,
            0.034999441782323025
        ],
        "ssim": [
            0.7076164993147055,
            0.8466366231441498,
            0.9063657323519388,
            0.9500689283013344
        ]
    }
}