{
    "name": "NIF25 [PSNR] w. L2 + SSIM loss",
    "type": "ablation",
    "results": {
        "config": [
            "l2_ssim_64_16_2_5_psnr_1.00",
            "l2_ssim_176_32_4_0_psnr_0.50",
            "l2_ssim_240_psnr_0.50",
            "l2_ssim_320_64_4.5_6_psnr_0.50"
        ],
        "state_bpp": [],
        "bpp": [
            0.10205078125,
            0.44637807210286456,
            0.7340604994032118,
            1.5845023261176214
        ],
        "psnr": [
            23.956576744715374,
            28.41441774368286,
            30.28690727551778,
            32.857981046040855
        ],
        "ms-ssim": [
            0.874050055940946,
            0.9581489711999893,
            0.9737310136357943,
            0.9855087796847025
        ],
        "lpips": [
            0.35437103422979516,
            0.15342047903686762,
            0.09795192318658034,
            0.05311163809771339
        ],
        "ssim": [
            0.7069074052075545,
            0.8610783840219179,
            0.9029970988631248,
            0.9463394110401472
        ]
    }
}