{
    "name": "NIF25 [PSNR] w. L2 loss",
    "type": "ablation",
    "results": {
        "config": [
            "l2_64_16_2_5_psnr_1.00",
            "l2_176_32_4_0_psnr_1.00",
            "l2_240_psnr_0.50",
            "l2_320_64_4.5_6_psnr_0.50"
        ],
        "state_bpp": [],
        "bpp": [
            0.10442097981770833,
            0.3921254475911458,
            0.7541512383355035,
            1.5798797607421875
        ],
        "psnr": [
            26.549174706141155,
            30.604894081751507,
            33.21876645088196,
            36.37837553024292
        ],
        "ms-ssim": [
            0.8682672008872032,
            0.9452129527926445,
            0.9693083638946215,
            0.9844126800696055
        ],
        "lpips": [
            0.3481201312194268,
            0.15882050121823946,
            0.09359695529565215,
            0.043764991530527673
        ],
        "ssim": [
            0.6727822124958038,
            0.8074051986138026,
            0.8719797680775324,
            0.9280197272698084
        ]
    }
}