{
    "name": "NIF25 - test",
    "type": "inr",
    "results": {
        "config": [
            "visual_176_32_4_0",
            "visual_320_64_4.5_6"
        ],
        "state_bpp": [],
        "bpp": [
            0.45166100396050346,
            1.600587632921007
        ],
        "psnr": [
            30.788941780726116,
            36.01937651634216
        ],
        "ms-ssim": [
            0.9647333969672521,
            0.9890193268656731
        ],
        "lpips": [
            0.1268572984263301,
            0.03348428740476569
        ],
        "ssim": [
            0.8591592013835907,
            0.9429699629545212
        ],
        "encode_time": [
            184.1332625,
            420.4875583333333
        ],
        "decode_time": [
            3.9976208333333334,
            4.0303458333333335
        ],
        "decode_time_no_context": [
            0.7182824611663818,
            0.7332287728786469
        ]
    }
}