{
    "name": "NIF25 - test",
    "type": "inr",
    "results": {
        "config": [
            "l1_ssim_176_32_4_0",
            "l1_ssim_320_64_4.5_6"
        ],
        "state_bpp": [],
        "bpp": [
            0.45750851101345485,
            1.6012056138780382
        ],
        "psnr": [
            29.985771020253498,
            35.87617150942484
        ],
        "ms-ssim": [
            0.9678678164879481,
            0.990789013604323
        ],
        "lpips": [
            0.1345325275324285,
            0.03065324326356252
        ],
        "ssim": [
            0.8637783775726954,
            0.9465897232294083
        ],
        "encode_time": [
            183.57389166666667,
            421.2901083333333
        ],
        "decode_time": [
            3.9800999999999997,
            4.212079166666666
        ],
        "decode_time_no_context": [
            0.7148866852124532,
            0.7387835085391998
        ]
    }
}