{
    "name": "NIF25 - test",
    "type": "inr",
    "results": {
        "config": [
            "logcosh_176_32_4_0",
            "logcosh_320_64_4.5_6"
        ],
        "state_bpp": [],
        "bpp": [
            0.44674428304036456,
            1.5694444444444444
        ],
        "psnr": [
            31.206201950709026,
            36.28616992632548
        ],
        "ms-ssim": [
            0.9519556909799576,
            0.984127938747406
        ],
        "lpips": [
            0.14727609821905693,
            0.044711809256114066
        ],
        "ssim": [
            0.8225522811214129,
            0.9267675677935282
        ],
        "encode_time": [
            167.67842916666666,
            363.95140833333335
        ],
        "decode_time": [
            4.0013958333333335,
            4.051304166666666
        ],
        "decode_time_no_context": [
            0.7253102660179138,
            0.7372515102227529
        ]
    }
}