{
    "name": "COIN",
    "type": "inr_other",
    "results": {
        "config": [
            "5_20",
            "5_30",
            "10_28",
            "10_40"
        ],
        "state_bpp": [
            0.0733642578125,
            0.1588134765625,
            0.3043212890625,
            0.6104736328125
        ],
        "bpp": [
            0.0733642578125,
            0.1588134765625,
            0.3043212890625,
            0.6104736328125
        ],
        "psnr": [
            23.24484618504842,
            24.62909205754598,
            26.422994136810303,
            28.33333690961202
        ],
        "ms-ssim": [
            0.7467302903532982,
            0.8175667350490888,
            0.8729486266771952,
            0.9193383802970251
        ],
        "ssim": [
            0.5605912630756696,
            0.6021239186326662,
            0.6679126719633738,
            0.7387903382380804
        ]
    }
}
