{
    "name": "COOL-CHIC v2",
    "type": "hybrid",
    "results": {
        "config": [
            "002",
            "0004",
            "0001",
            "00004",
            "00001"
        ],
        "bpp": [
            0.09670342339409722,
            0.2635260687934028,
            0.5990634494357638,
            0.92889404296875,
            1.6057874891493056
        ],
        "psnr": [
            26.3934010664622,
            30.059626976648968,
            33.92421166102091,
            36.81516615549723,
            40.96041186650594
        ],
        "ms-ssim": [
            0.870336023469766,
            0.9427920108040174,
            0.9763377457857132,
            0.9864919210473696,
            0.9940312678615252
        ],
        "lpips": [
            0.4105894075085719,
            0.24564198280374208,
            0.120679570051531,
            0.07107647434653093,
            0.0352720968464079
        ],
        "ssim": [
            0.6846821208794912,
            0.8047861953576406,
            0.8992117494344711,
            0.9387747397025427,
            0.9704209417104721
        ]
    }
}