{
    "name": "COOL-CHIC",
    "type": "hybrid",
    "results": {
        "config": [
            "02",
            "004",
            "0005",
            "0001"
        ],
        "bpp": [
            0.0811767578125,
            0.2651095920138889,
            0.9239434136284722,
            1.749298095703125
        ],
        "psnr": [
            25.770036538441975,
            29.413467407226562,
            35.832430044809975,
            40.77590545018514
        ],
        "ms-ssim": [
            0.863802120089531,
            0.9384593243400255,
            0.9846401835481325,
            0.9943956807255745
        ],
        "lpips": [
            0.4355529161791007,
            0.26094269938766956,
            0.08110224215003352,
            0.03499595865529651
        ],
        "ssim": [
            0.671124360213677,
            0.7908643955985705,
            0.927006907761097,
            0.9695815891027451
        ]
    }
}