{
    "name": "COOL-CHIC v3.1",
    "type": "hybrid",
    "results": {
        "config": [
            "002",
            "0004",
            "0001",
            "00004",
            "00001"
        ],
        "bpp": [
            0.0822262234157986,
            0.2367214626736111,
            0.5304904513888888,
            0.8320278591579862,
            1.4651624891493056
        ],
        "psnr": [
            26.781066417694092,
            30.66148551305135,
            34.58160877227783,
            37.282382806142174,
            41.22399171193441
        ],
        "ms-ssim": [
            0.8771930759151777,
            0.9481002067526182,
            0.9785409023364385,
            0.987949882944425,
            0.9946038474639257
        ],
        "lpips": [
            0.3935446211447318,
            0.22141819012661776,
            0.10937356933330496,
            0.06800631480291486,
            0.036623325237693884
        ],
        "ssim": [
            0.6950312530001005,
            0.8196853374441465,
            0.9074462230006853,
            0.9427321925759315,
            0.9708192174633344
        ]
    }
}