{
    "name": "NIF",
    "type": "inr_other",
    "results": {
        "config": [
            "120",
            "0_31",
            "200",
            "280",
            "360"
        ],
        "state_bpp": [],
        "bpp": [
            0.2768605550130208,
            0.3196750217013889,
            0.5766923692491319,
            0.9692069159613715,
            1.6289113362630208
        ],
        "psnr": [
            28.315745671590168,
            28.829281250635784,
            30.94340181350708,
            33.218297402064,
            35.62013332049052
        ],
        "ms-ssim": [
            0.9257029742002487,
            0.9338977858424187,
            0.9594143107533455,
            0.9757542635003725,
            0.985907199482123
        ],
        "lpips": [
            0.2767627537250519,
            0.24795722713073096,
            0.15958980657160282,
            0.09335372503846884,
            0.05259659506070117
        ],
        "ssim": [
            0.7641920819878578,
            0.779704804221789,
            0.8436773493885994,
            0.8946481024225553,
            0.9330285092194875
        ]
    }
}