{
    "name": "NIF25 [Visual]",
    "type": "inr",
    "results": {
        "config": [
            "logcosh_ssim_64_16_2_5_ms_ssim_0.50",
            "logcosh_ssim_176_32_4_0_ms_ssim_0.50",
            "logcosh_ssim_240_ms_ssim_0.15",
            "logcosh_ssim_320_64_4.5_6_ms_ssim_0.05"
        ],
        "state_bpp": [],
        "bpp": [
            0.11537933349609375,
            0.37880198160807294,
            0.7208658854166666,
            1.5944892035590277
        ],
        "psnr": [
            26.466020345687866,
            29.841197729110718,
            32.6314225991567,
            35.87359889348348
        ],
        "ms-ssim": [
            0.9006563077370325,
            0.9566484118501345,
            0.9770847484469414,
            0.9889813909928004
        ],
        "lpips": [
            0.3136727660894394,
            0.14520121303697428,
            0.08092334649215142,
            0.035524382488802075
        ],
        "ssim": [
            0.7200233365098635,
            0.8404224440455437,
            0.8999463940660158,
            0.9497887169321378
        ]
    }
}