{
    "name": "NIF25 [MS-SSIM]",
    "type": "inr",
    "results": {
        "config": [
            "ms_ssim_64_16_2_5_0.15",
            "ms_ssim_176_32_4_0_0.15",
            "ms_ssim_240_0.15",
            "ms_ssim_320_64_4.5_6_0.05"
        ],
        "state_bpp": [],
        "bpp": [
            0.1342688666449653,
            0.4564683702256944,
            0.7268914116753472,
            1.5881423950195312
        ],
        "psnr": [
            25.794614950815838,
            29.984787146250408,
            32.07206575075785,
            35.84170866012573
        ],
        "ms-ssim": [
            0.910168411831061,
            0.967677392065525,
            0.9797050282359123,
            0.9910797898968061
        ],
        "lpips": [
            0.3248019218444824,
            0.13453264658649763,
            0.08264496161912878,
            0.03103078599087894
        ],
        "ssim": [
            0.7364425746103128,
            0.8634488905469576,
            0.9038559347391129,
            0.9532491738597552
        ]
    }
}