{
    "name": "NIF25 [PSNR]",
    "type": "inr",
    "results": {
        "config": [
            "psnr_64_16_2_5",
            "psnr_176_32_4_0",
            "psnr_240",
            "psnr_320_64_4.5_6"
        ],
        "state_bpp": [],
        "bpp": [
            0.1270785861545139,
            0.44514719645182294,
            0.7072923448350694,
            1.5825839572482638
        ],
        "psnr": [
            27.133387962977093,
            31.217764377593994,
            32.969535668691,
            36.407708406448364
        ],
        "ms-ssim": [
            0.8846543555458387,
            0.9520801355441412,
            0.9677541678150495,
            0.9846305400133133
        ],
        "lpips": [
            0.3296836658070485,
            0.14727928675711155,
            0.09701324300840497,
            0.0434414626021559
        ],
        "ssim": [
            0.6922834552824497,
            0.8229013880093893,
            0.8674367666244507,
            0.92868688950936
        ]
    }
}