{
    "name": "NIF25 - baseline",
    "type": "inr",
    "results": {
        "config": [
            "176",
            "320"
        ],
        "state_bpp": [],
        "bpp": [
            0.6557856851581386,
            1.3594615765446296
        ],
        "psnr": [
            25.942411804199217,
            28.589525985717774
        ],
        "ms-ssim": [
            0.9037866473197937,
            0.947966480255127
        ],
        "lpips": [
            0.33693748712539673,
            0.23106564432382584
        ],
        "ssim": [
            0.7754054129123688,
            0.8348212361335754
        ]
    }
}