{
    "name": "NIF25 - baseline",
    "type": "inr",
    "results": {
        "config": [
            "176",
            "320"
        ],
        "state_bpp": [],
        "bpp": [
            0.11000489412603218,
            0.22989805589017928
        ],
        "psnr": [
            25.468497848510744,
            27.88626022338867
        ],
        "ms-ssim": [
            0.8976855635643005,
            0.9433529376983643
        ],
        "lpips": [
            0.3464823246002197,
            0.24217774868011474
        ],
        "ssim": [
            0.7674588799476624,
            0.8262116551399231
        ]
    }
}