{
    "name": "NIF25 - test",
    "type": "inr",
    "results": {
        "config": [
            "320_80_5.0_5_psnr_0.70",
            "320_80_5.0_5_psnr_0.60",
            "320_80_5.0_5_psnr_0.50",
            "320_80_5.0_5_psnr_0.40",
            "320_80_5.0_5_psnr_0.30"
        ],
        "state_bpp": [],
        "bpp": [
            0.34996560955470923,
            0.35949071409400096,
            0.37423414019237555,
            0.393294378640115,
            0.40354992132974715
        ],
        "psnr": [
            32.19227265148628,
            32.3172210600318,
            32.481610926186164,
            32.61216447411514,
            32.68938045966916
        ],
        "ms-ssim": [
            0.9474092096817203,
            0.9490111979042611,
            0.9502999346430708,
            0.9514177703275913,
            0.9522468636675578
        ],
        "lpips": [
            0.19951117206819174,
            0.19657850215529524,
            0.1937142540132854,
            0.19114909440324437,
            0.18942320410434793
        ],
        "ssim": [
            0.8360375907362961,
            0.8396167609749771,
            0.8422261113073768,
            0.8449854937995352,
            0.8465544101668567
        ],
        "encode_time": [],
        "decode_time": [],
        "decode_time_no_context": []
    },
    "results_std": {
        "bpp": [
            0.4537612220231216,
            0.4588798461592865,
            0.4696621213498738,
            0.49948655747649967,
            0.505281644661773
        ],
        "psnr": [
            4.81868575446206,
            4.780030042777404,
            4.765418415626199,
            4.752741738252358,
            4.748860582154566
        ],
        "ms-ssim": [
            0.034502680194585036,
            0.03293726196399192,
            0.03234413163407245,
            0.03165619072121076,
            0.03073972217959651
        ],
        "lpips": [
            0.09613648621803271,
            0.0949853169265139,
            0.09451798338598354,
            0.09376020925532591,
            0.09253251101339878
        ],
        "ssim": [
            0.09771014056033299,
            0.09373875534002657,
            0.09269648178204472,
            0.09115362894096377,
            0.08943847675852347
        ]
    }
}