{
    "name": "NIF25 - pareto",
    "type": "inr",
    "results": {
        "config": [
            "400_96_5.0_5_msssim_0.30",
            "368_80_5.0_5_msssim_0.10",
            "368_96_5.0_5_msssim_0.10",
            "400_80_5.0_5_msssim_0.10"
        ],
        "state_bpp": [],
        "bpp": [
            0.43231860693054486,
            0.42752087149539353,
            0.46992152256152586,
            0.4668274943352258
        ],
        "psnr": [
            31.85797468045863,
            32.36862768777987,
            32.67061038133575,
            32.695406564852085
        ],
        "ms-ssim": [
            0.970132506475216,
            0.9717604895917381,
            0.9738674890704271,
            0.9736169155051069
        ],
        "lpips": [
            0.149709139405409,
            0.15191227691702364,
            0.14317001715847633,
            0.1443609541918083
        ],
        "ssim": [
            0.8854536254231523,
            0.8891305996150505,
            0.8945651795805954,
            0.8942454660811076
        ],
        "encode_time": [],
        "decode_time": [],
        "decode_time_no_context": []
    },
    "results_std": {
        "bpp": [
            0.46084469622641355,
            0.47749715414790606,
            0.5007813590156557,
            0.5283579894915266
        ],
        "psnr": [
            4.015584951942414,
            4.408700575713232,
            4.351602287879273,
            4.409098718980511
        ],
        "ms-ssim": [
            0.01803966847898876,
            0.02052703180943689,
            0.018822556494938542,
            0.018842156789299076
        ],
        "lpips": [
            0.0730243799233211,
            0.07545203228849998,
            0.07474690353583338,
            0.0752627193812606
        ],
        "ssim": [
            0.06386781373168983,
            0.06781935949872354,
            0.06429089913266292,
            0.06457296309513527
        ]
    }
}