{
    "name": "NIF25 - baseline",
    "type": "inr",
    "results": {
        "config": [
            "176",
            "320"
        ],
        "state_bpp": [],
        "bpp": [
            0.6557856851581386,
            1.3594615765446296
        ],
        "psnr": [
            25.556953048706056,
            27.570880508422853
        ],
        "ms-ssim": [
            0.9078010678291321,
            0.9419382095336915
        ],
        "lpips": [
            0.3511124819517136,
            0.26310539692640306
        ],
        "ssim": [
            0.7544271767139434,
            0.8070752859115601
        ]
    }
}