{
    "name": "NIF25 - test",
    "type": "inr",
    "results": {
        "config": [
            "default",
            "6",
            "7",
            "9"
        ],
        "state_bpp": [],
        "bpp": [
            1.309279029927179,
            1.6335985183703015,
            1.9080673827862498,
            2.4477164653808736
        ],
        "psnr": [
            27.095143508911132,
            28.024958038330077,
            28.155537033081053,
            28.060012435913087
        ],
        "ms-ssim": [
            0.9363428473472595,
            0.9460092425346375,
            0.9464867949485779,
            0.9311258316040039
        ],
        "lpips": [
            0.2716428801417351,
            0.24370104670524598,
            0.2351785346865654,
            0.24725087657570838
        ],
        "ssim": [
            0.7976579189300537,
            0.8173020958900452,
            0.8217228889465332,
            0.8213534355163574
        ]
    }
}