{
    "name": "NIF25 [MS-SSIM]",
    "type": "inr",
    "results": {
        "config": [
            "ms_ssim_176_32_4.0_5",
            "ms_ssim_320_64_4.5_6",
            "480_96_6.0_5_ms-ssim_0.10"
        ],
        "state_bpp": [],
        "bpp": [
            0.7030437854638231,
            2.240494290441521,
            3.266344064496327
        ],
        "psnr": [
            29.055592978872905,
            33.11586249746927,
            34.157171947200126
        ],
        "ms-ssim": [
            0.9369151941159877,
            0.9735365102930766,
            0.9800325893774265
        ],
        "lpips": [
            0.27056104253704955,
            0.1353059734342756,
            0.11313286112201196
        ],
        "ssim": [
            0.8185284617470532,
            0.8967742076734218,
            0.914392558539786
        ],
        "encode_time": [],
        "decode_time": [],
        "decode_time_no_context": []
    }
}