{
    "name": "NIF25 - test",
    "type": "inr",
    "results": {
        "config": [
            "320_80_5.0_5_psnr_0.70",
            "320_80_5.0_5_psnr_0.50",
            "320_80_5.0_5_psnr_0.40",
            "320_80_5.0_5_psnr_0.30",
            "320_80_5.0_5_psnr_0.60",
            "320_80_5.0_5_psnr"
        ],
        "state_bpp": [],
        "bpp": [
            2.0174931054767558,
            2.0174931054767558,
            2.0174931054767558,
            2.0174931054767558,
            2.0174931054767558,
            2.0174931054767558
        ],
        "psnr": [
            32.89805942628442,
            32.89805942628442,
            32.89805942628442,
            32.89805942628442,
            32.89805942628442,
            32.89805942628442
        ],
        "ms-ssim": [
            0.9543636194089564,
            0.9543636194089564,
            0.9543636194089564,
            0.9543636194089564,
            0.9543636194089564,
            0.9543636194089564
        ],
        "lpips": [
            0.18403383885033248,
            0.18403383885033248,
            0.18403383885033248,
            0.18403383885033248,
            0.18403383885033248,
            0.18403383885033248
        ],
        "ssim": [
            0.8510984531263026,
            0.8510984531263026,
            0.8510984531263026,
            0.8510984531263026,
            0.8510984531263026,
            0.8510984531263026
        ],
        "encode_time": [],
        "decode_time": [],
        "decode_time_no_context": []
    },
    "results_std": {
        "bpp": [
            2.5526235895859917,
            2.5526235895859917,
            2.5526235895859917,
            2.5526235895859917,
            2.5526235895859917,
            2.5526235895859917
        ],
        "psnr": [
            4.709245732649224,
            4.709245732649224,
            4.709245732649224,
            4.709245732649224,
            4.709245732649224,
            4.709245732649224
        ],
        "ms-ssim": [
            0.02920220474583808,
            0.02920220474583808,
            0.02920220474583808,
            0.02920220474583808,
            0.02920220474583808,
            0.02920220474583808
        ],
        "lpips": [
            0.09031048792303932,
            0.09031048792303932,
            0.09031048792303932,
            0.09031048792303932,
            0.09031048792303932,
            0.09031048792303932
        ],
        "ssim": [
            0.08624331846384536,
            0.08624331846384536,
            0.08624331846384536,
            0.08624331846384536,
            0.08624331846384536,
            0.08624331846384536
        ]
    }
}