{
    "name": "NIF25 - test",
    "type": "inr",
    "results": {
        "config": [
            "ms_ssim_176_32_4.0_5",
            "ms_ssim_416_80_5.0_6",
            "ms_ssim_320_64_4.5_6"
        ],
        "state_bpp": [],
        "bpp": [
            0.7030437854638231,
            3.3191440966134502,
            2.240494290441521
        ],
        "psnr": [
            29.055592978872905,
            32.78158815895639,
            33.11586249746927
        ],
        "ms-ssim": [
            0.9369151941159877,
            0.9733670193974565,
            0.9735365102930766
        ],
        "lpips": [
            0.27056104253704955,
            0.14351059560005258,
            0.1353059734342756
        ],
        "ssim": [
            0.8185284617470532,
            0.8929762927497306,
            0.8967742076734218
        ]
    }
}