{
    "name": "NIF25 - test",
    "type": "inr",
    "results": {
        "config": [
            "368_64_6.5_6",
            "368_64_6.5_7",
            "368_64_6.0_6",
            "416_64_6.0_7",
            "368_80_6.0_7",
            "416_80_6.0_7",
            "368_80_6.5_7",
            "368_80_6.0_6",
            "416_80_6.5_6",
            "416_64_6.0_6",
            "368_80_6.5_6",
            "368_64_6.0_7",
            "416_64_6.5_6",
            "416_80_6.5_7"
        ],
        "state_bpp": [],
        "bpp": [
            4.15131711148281,
            4.842279728996067,
            4.342178376303883,
            5.931271839269493,
            5.806738248038721,
            6.705545906486893,
            5.585420398405775,
            4.968230397436835,
            5.4643343233724595,
            5.056216086893357,
            4.776015506624123,
            5.071042521583026,
            4.805118465444357,
            6.411132253305452
        ],
        "psnr": [
            33.023095703125,
            33.21749649047852,
            33.36914901733398,
            33.43224906921387,
            33.45291175842285,
            33.53037872314453,
            33.61075706481934,
            33.73814849853515,
            33.873741912841794,
            33.91000213623047,
            34.031480407714845,
            34.10736503601074,
            34.24159927368164,
            34.92525100708008
        ],
        "ms-ssim": [
            0.956904673576355,
            0.9595379710197449,
            0.9584378600120544,
            0.964528226852417,
            0.9647924900054932,
            0.9678902387619018,
            0.9637381672859192,
            0.9628902316093445,
            0.9645086765289307,
            0.963700795173645,
            0.961733078956604,
            0.9629438519477844,
            0.9626784801483155,
            0.9699944972991943
        ],
        "lpips": [
            0.1409985527396202,
            0.13357547000050546,
            0.13732351437211038,
            0.12063259966671466,
            0.12052841894328595,
            0.11385718509554862,
            0.12318064048886299,
            0.12366513628512621,
            0.11889859959483147,
            0.120949917845428,
            0.127947982493788,
            0.12345463167876006,
            0.12571437358856202,
            0.10317714801058173
        ],
        "ssim": [
            0.8737073302268982,
            0.8792995095252991,
            0.8768515586853027,
            0.887794840335846,
            0.8872260808944702,
            0.8925689339637757,
            0.8872124314308166,
            0.8849308848381042,
            0.8885015726089478,
            0.8883495092391968,
            0.8828799962997437,
            0.8880430698394776,
            0.886962616443634,
            0.9017316579818726
        ],
        "encode_time": [],
        "decode_time": []
    }
}