{
    "name": "NIF25 [Visual]",
    "type": "inr",
    "results": {
        "config": [
            "128_32_3.0_5_visual_0.70",
            "224_32_4.0_5_visual_0.40",
            "272_48_4.5_6_visual_0.30",
            "320_80_5.0_5_visual_0.10",
            "368_96_5.0_5_visual_0.10",
            "480_96_6.0_5_visual_0.10"
        ],
        "state_bpp": [],
        "bpp": [
            0.07706983676002212,
            0.14516385704543486,
            0.24585135920214943,
            0.36098900724241884,
            0.4749085884793298,
            0.5457520662770634
        ],
        "psnr": [
            27.501128219976657,
            29.346764308650318,
            30.661446687651843,
            32.1992329853337,
            32.91212672722049,
            33.19222892202982
        ],
        "ms-ssim": [
            0.9010759824659766,
            0.9338861587570935,
            0.9521103704847941,
            0.9641291659052779,
            0.9695851802825928,
            0.9721926189050442
        ],
        "lpips": [
            0.3386149104775452,
            0.2576744285662,
            0.20307162163279405,
            0.16949607659040428,
            0.14356240398454956,
            0.13140641157401772
        ],
        "ssim": [
            0.7701002075904753,
            0.8150323949209074,
            0.8463455874745439,
            0.8727189564123387,
            0.8861131653553103,
            0.8933192898587483
        ],
        "encode_time": [],
        "decode_time": [],
        "decode_time_no_context": []
    },
    "results_std": {
        "bpp": [
            0.0891639605599677,
            0.15980379188719393,
            0.2585975816556267,
            0.39155202362054886,
            0.5195793565421178,
            0.5811054259859061
        ],
        "psnr": [
            3.8318098811004973,
            4.092384884163048,
            4.12268781924205,
            4.441940256840044,
            4.444831959891993,
            4.292747616470577
        ],
        "ms-ssim": [
            0.05432288617955226,
            0.04014431218778081,
            0.02893041573978139,
            0.02426463667746101,
            0.020399202510389982,
            0.017791748912402174
        ],
        "lpips": [
            0.11991880840762079,
            0.10404248425048468,
            0.08789964860938769,
            0.08613743518742699,
            0.07001380597174768,
            0.06483175619191857
        ],
        "ssim": [
            0.11834975254286366,
            0.1023763266042745,
            0.0862930206354743,
            0.07653976413513405,
            0.06919654259510598,
            0.06323371959018823
        ]
    }
}