{
    "name": "NIF25 [PSNR]",
    "type": "inr",
    "results": {
        "config": [
            "psnr_176_32_4_0",
            "psnr_320_48_5_5"
        ],
        "state_bpp": [],
        "bpp": [
            0.10284519984377313,
            0.23221390465205125
        ],
        "psnr": [
            28.726427450412658,
            31.196844473117736
        ],
        "ms-ssim": [
            0.8974676670097723,
            0.9365559467455236
        ],
        "lpips": [
            0.32991809307075126,
            0.23356493891830124
        ],
        "ssim": [
            0.7626172471337203,
            0.8188187189218474
        ]
    }
}