{
    "name": "NIF25 [MS-SSIM]",
    "type": "inr",
    "results": {
        "config": [
            "ms_ssim_176_32_4.0_5",
            "ms_ssim_320_64_4.5_6"
        ],
        "state_bpp": [],
        "bpp": [
            0.14468611319714317,
            0.41619283882675784
        ],
        "psnr": [
            29.040999854483257,
            32.31870804763422
        ],
        "ms-ssim": [
            0.9365376742874704,
            0.9704975849244653
        ],
        "lpips": [
            0.2731305951843174,
            0.14773553601897707
        ],
        "ssim": [
            0.8175197847005797,
            0.886914940868936
        ]
    }
}