{
    "name": "NIF",
    "type": "inr",
    "results": {
        "config": [
            "50",
            "40",
            "30",
            "20",
            "10"
        ],
        "state_bpp": [
            0.0,
            0.0,
            0.0,
            0.0,
            0.0
        ],
        "bpp": [
            0.03942701551649305,
            0.21454281277126735,
            0.8031794230143229,
            2.055904812282986,
            4.411896599663629
        ],
        "psnr": [
            24.805450042088825,
            29.504228274027508,
            35.37341785430908,
            41.15017302831014,
            45.13162930806478
        ],
        "ms-ssim": [
            0.8255478168527285,
            0.937518040339152,
            0.9816507399082184,
            0.9944882939259211,
            0.998143287996451
        ],
        "ssim": [
            0.635236594825983,
            0.8043910786509514,
            0.9311457822720209,
            0.9763769060373306,
            0.9915144691864649
        ]
    }
}