{
    "name": "NIF",
    "type": "inr",
    "results": {
        "config": [
            "45",
            "40",
            "35",
            "33",
            "30",
            "20",
            "10"
        ],
        "state_bpp": [
            0.0,
            0.0,
            0.0,
            0.0,
            0.0,
            0.0,
            0.0
        ],
        "bpp": [
            0.049168567569132085,
            0.0897558668483103,
            0.159671353787473,
            0.21047119144107657,
            0.3195818285530573,
            1.3681701731609475,
            3.435786997585453
        ],
        "psnr": [
            30.578123773847306,
            32.338473320007324,
            33.92713165283203,
            34.690617425101145,
            35.67611299242292,
            39.645035471235005,
            42.263247626168386
        ],
        "ms-ssim": [
            0.8994228371552059,
            0.9222247898578644,
            0.937988885811397,
            0.946564929825919,
            0.9573391590799604,
            0.9865413989339556,
            0.993367429290499
        ],
        "ssim": [
            0.7705178431102208,
            0.8055510265486581,
            0.8314034470490047,
            0.8445342268262591,
            0.8643114055906024,
            0.9346554960523333,
            0.9581878525870187
        ]
    }
}