{
    "name": "NIF25 [MS-SSIM] - 9-bits quantization",
    "type": "ablation",
    "results": {
        "config": [
            "ms_ssim_64_16_2_5_09bits",
            "ms_ssim_176_32_4_0_09bits",
            "ms_ssim_240_09bits",
            "ms_ssim_320_64_4.5_6_09bits"
        ],
        "state_bpp": [],
        "bpp": [
            0.17270914713541666,
            0.61639404296875,
            1.0118509928385417,
            1.958984375
        ],
        "psnr": [
            25.947587251663208,
            30.419331709543865,
            32.74328947067261,
            36.6354664961497
        ],
        "ms-ssim": [
            0.9133007402221361,
            0.9710324679811796,
            0.982864630719026,
            0.9924415672818819
        ],
        "lpips": [
            0.3221455446134011,
            0.1271762129229804,
            0.07435963108825187,
            0.026795916763755184
        ],
        "ssim": [
            0.7407590014239153,
            0.8709033951163292,
            0.9125917156537374,
            0.959809290866057
        ]
    }
}