{
    "name": "NIF25 [MS-SSIM] - 5-bits quantization",
    "type": "ablation",
    "results": {
        "config": [
            "ms_ssim_64_16_2_5_05bits",
            "ms_ssim_176_32_4_0_05bits",
            "ms_ssim_240_05bits",
            "ms_ssim_320_64_4.5_6_05bits"
        ],
        "state_bpp": [],
        "bpp": [
            0.08463033040364583,
            0.2954033745659722,
            0.48420121934678817,
            0.9118660820855035
        ],
        "psnr": [
            23.68089230855306,
            26.620240052541096,
            28.33139443397522,
            29.57559084892273
        ],
        "ms-ssim": [
            0.8434761414925257,
            0.9212102964520454,
            0.9454094817241033,
            0.9597545638680458
        ],
        "lpips": [
            0.39488091816504794,
            0.21909107702473798,
            0.15503443715473017,
            0.11082354901979367
        ],
        "ssim": [
            0.6633775134881338,
            0.77474112311999,
            0.8226288755734762,
            0.8526845624049505
        ]
    }
}