{
    "name": "NIF25 [MS-SSIM] - 16-bits quantization",
    "type": "ablation",
    "results": {
        "config": [
            "ms_ssim_64_16_2_5_16bits",
            "ms_ssim_176_32_4_0_16bits",
            "ms_ssim_240_16bits",
            "ms_ssim_320_64_4.5_6_16bits"
        ],
        "state_bpp": [],
        "bpp": [
            0.3218621148003472,
            1.1641574435763888,
            1.9126993815104167,
            3.7407090928819446
        ],
        "psnr": [
            25.96003754933675,
            30.447866042455036,
            32.78026866912842,
            36.84285314877828
        ],
        "ms-ssim": [
            0.9136543472607931,
            0.9712885717550913,
            0.9830617681145668,
            0.9928293377161026
        ],
        "lpips": [
            0.3217430052657922,
            0.12638895446434617,
            0.07362896157428622,
            0.025155433686450124
        ],
        "ssim": [
            0.7412700094282627,
            0.8714619353413582,
            0.9131471291184425,
            0.9619187166293462
        ]
    }
}