{
    "name": "NIF25 [MS-SSIM] - 6-bits quantization",
    "type": "ablation",
    "results": {
        "config": [
            "ms_ssim_64_16_2_5_06bits",
            "ms_ssim_176_32_4_0_06bits",
            "ms_ssim_240_06bits",
            "ms_ssim_320_64_4.5_6_06bits"
        ],
        "state_bpp": [],
        "bpp": [
            0.10703023274739583,
            0.3777669270833333,
            0.6192974514431424,
            1.1770061916775174
        ],
        "psnr": [
            25.215199788411457,
            28.993714650472004,
            31.00823752085368,
            33.12194514274597
        ],
        "ms-ssim": [
            0.8938683494925499,
            0.9569806406895319,
            0.972279337545236,
            0.9823636611302694
        ],
        "lpips": [
            0.3433562635133664,
            0.15481683115164438,
            0.0987256661367913,
            0.05399551265873015
        ],
        "ssim": [
            0.7164348997175694,
            0.841093085706234,
            0.8851606895526251,
            0.9194047277172407
        ]
    }
}