{
    "name": "NIF25 [MS-SSIM] - 8-bits quantization",
    "type": "ablation",
    "results": {
        "config": [
            "ms_ssim_64_16_2_5_08bits",
            "ms_ssim_176_32_4_0_08bits",
            "ms_ssim_240_08bits",
            "ms_ssim_320_64_4.5_6_08bits"
        ],
        "state_bpp": [],
        "bpp": [
            0.1495785183376736,
            0.5356131659613715,
            0.8802524142795138,
            1.6957617865668402
        ],
        "psnr": [
            25.905510584513348,
            30.33263611793518,
            32.63159195582072,
            36.20230118433634
        ],
        "ms-ssim": [
            0.9123297731081644,
            0.9703060736258825,
            0.9822950760523478,
            0.991585430999597
        ],
        "lpips": [
            0.32256740642090637,
            0.12878644575054446,
            0.07596098072826862,
            0.029279344521152478
        ],
        "ssim": [
            0.7393980013827482,
            0.8692538216710091,
            0.910984734694163,
            0.9554963310559591
        ]
    }
}