{
    "name": "NIF25 [MS-SSIM] - 7-bits quantization",
    "type": "ablation",
    "results": {
        "config": [
            "ms_ssim_64_16_2_5_07bits",
            "ms_ssim_176_32_4_0_07bits",
            "ms_ssim_240_07bits",
            "ms_ssim_320_64_4.5_6_07bits"
        ],
        "state_bpp": [],
        "bpp": [
            0.1285154554578993,
            0.45695580376519096,
            0.7497880723741319,
            1.4366853502061632
        ],
        "psnr": [
            25.74726931254069,
            30.00777204831441,
            32.230663220087685,
            35.15211979548136
        ],
        "ms-ssim": [
            0.908296803633372,
            0.9674751137693723,
            0.9801682606339455,
            0.9891267865896225
        ],
        "lpips": [
            0.3258329890668392,
            0.1345368541466693,
            0.0813883130128185,
            0.036351774159508445
        ],
        "ssim": [
            0.7339438609778881,
            0.862979585925738,
            0.9051966071128845,
            0.9444992517431577
        ]
    }
}