{
    "name": "NIF25 [MS-SSIM] - 10-bits quantization",
    "type": "ablation",
    "results": {
        "config": [
            "ms_ssim_64_16_2_5_10bits",
            "ms_ssim_176_32_4_0_10bits",
            "ms_ssim_240_10bits",
            "ms_ssim_320_64_4.5_6_10bits"
        ],
        "state_bpp": [],
        "bpp": [
            0.194061279296875,
            0.6948072645399306,
            1.1408114963107638,
            2.214107937282986
        ],
        "psnr": [
            25.956769307454426,
            30.442304531733196,
            32.77242064476013,
            36.785908222198486
        ],
        "ms-ssim": [
            0.9135609269142151,
            0.9712289944291115,
            0.9830139428377151,
            0.9927227223912874
        ],
        "lpips": [
            0.32184606542189914,
            0.1266645023909708,
            0.0738868867047131,
            0.02575395128224045
        ],
        "ssim": [
            0.7411460392177105,
            0.871327206492424,
            0.9130108008782069,
            0.9613167221347491
        ]
    }
}