{
    "name": "NIF25 [MS-SSIM] - 4-bits quantization",
    "type": "ablation",
    "results": {
        "config": [
            "ms_ssim_64_16_2_5_04bits",
            "ms_ssim_176_32_4_0_04bits",
            "ms_ssim_240_04bits",
            "ms_ssim_320_64_4.5_6_04bits"
        ],
        "state_bpp": [],
        "bpp": [
            0.06230926513671875,
            0.2113096449110243,
            0.34557003445095485,
            0.6431223551432291
        ],
        "psnr": [
            20.625263412793476,
            22.590124289194744,
            23.85578155517578,
            24.347938060760498
        ],
        "ms-ssim": [
            0.6880508040388426,
            0.7960680524508158,
            0.8433098271489143,
            0.8643453493714333
        ],
        "lpips": [
            0.5192478684087595,
            0.3802723890791337,
            0.3195694424211979,
            0.29878441368540126
        ],
        "ssim": [
            0.5414712876081467,
            0.6096844313045343,
            0.6530123092234135,
            0.6690519750118256
        ]
    }
}