{
    "name": "NIF25 [MS-SSIM] - 12-bits quantization",
    "type": "ablation",
    "results": {
        "config": [
            "ms_ssim_64_16_2_5_12bits",
            "ms_ssim_176_32_4_0_12bits",
            "ms_ssim_240_12bits",
            "ms_ssim_320_64_4.5_6_12bits"
        ],
        "state_bpp": [],
        "bpp": [
            0.23664347330729166,
            0.8513726128472222,
            1.3982577853732638,
            2.7233208550347223
        ],
        "psnr": [
            25.96012504895528,
            30.447959661483765,
            32.78055532773336,
            36.841933806737266
        ],
        "ms-ssim": [
            0.9136465539534887,
            0.971286286910375,
            0.9830600569645563,
            0.9928265238801638
        ],
        "lpips": [
            0.3217641059309244,
            0.1264338994709154,
            0.07368238363415003,
            0.025196966676351924
        ],
        "ssim": [
            0.741256104161342,
            0.8714516883095106,
            0.9131431976954142,
            0.9619018460313479
        ]
    }
}