{
    "name": "NIF25 [MS-SSIM] - 14-bits quantization",
    "type": "ablation",
    "results": {
        "config": [
            "ms_ssim_64_16_2_5_14bits",
            "ms_ssim_176_32_4_0_14bits",
            "ms_ssim_240_14bits",
            "ms_ssim_320_64_4.5_6_14bits"
        ],
        "state_bpp": [],
        "bpp": [
            0.2792867024739583,
            1.007781982421875,
            1.6554972330729167,
            3.232052273220486
        ],
        "psnr": [
            25.960063934326172,
            30.447912136713665,
            32.780317544937134,
            36.842942317326866
        ],
        "ms-ssim": [
            0.9136530483762423,
            0.9712881222367287,
            0.9830615445971489,
            0.9928290744622549
        ],
        "lpips": [
            0.321731386706233,
            0.1264003145818909,
            0.0736341339846452,
            0.02515770591950665
        ],
        "ssim": [
            0.7412660929063956,
            0.8714596430460612,
            0.9131474941968918,
            0.9619176611304283
        ]
    }
}