{
    "name": "NIF25 [PSNR] - 6-bits quantization",
    "type": "ablation",
    "results": {
        "config": [
            "psnr_64_16_2_5_06bits",
            "psnr_176_32_4_0_06bits",
            "psnr_240_06bits",
            "psnr_320_64_4.5_6_06bits"
        ],
        "state_bpp": [],
        "bpp": [
            0.10761854383680555,
            0.379331800672743,
            0.6166551378038194,
            1.1851815117730036
        ],
        "psnr": [
            26.65341345469157,
            30.407130082448322,
            32.02246069908142,
            33.97841008504232
        ],
        "ms-ssim": [
            0.8728892058134079,
            0.9440454244613647,
            0.9610460152228674,
            0.9736051435271899
        ],
        "lpips": [
            0.3445580576856931,
            0.16321134846657515,
            0.11167264077812433,
            0.06968610174953938
        ],
        "ssim": [
            0.6779887626568476,
            0.8055894101659457,
            0.849240355193615,
            0.8867761120200157
        ]
    }
}