{
    "name": "NIF25 [PSNR] - 12-bits quantization",
    "type": "ablation",
    "results": {
        "config": [
            "psnr_64_16_2_5_12bits",
            "psnr_176_32_4_0_12bits",
            "psnr_240_12bits",
            "psnr_320_64_4.5_6_12bits"
        ],
        "state_bpp": [],
        "bpp": [
            0.23673841688368055,
            0.85247802734375,
            1.3952874077690973,
            2.7298753526475696
        ],
        "psnr": [
            27.3455331325531,
            31.66172981262207,
            33.74099477132162,
            37.19968605041504
        ],
        "ms-ssim": [
            0.8893958379824957,
            0.9558775996168455,
            0.972220296661059,
            0.9867843041817347
        ],
        "lpips": [
            0.3248098858942588,
            0.13954257716735205,
            0.08701852553834517,
            0.037581049371510744
        ],
        "ssim": [
            0.6985275571544965,
            0.8313552985588709,
            0.8802572985490164,
            0.9382926573355993
        ]
    }
}