{
    "name": "NIF25 [PSNR] - 8-bits quantization",
    "type": "ablation",
    "results": {
        "config": [
            "psnr_64_16_2_5_08bits",
            "psnr_176_32_4_0_08bits",
            "psnr_240_08bits",
            "psnr_320_64_4.5_6_08bits"
        ],
        "state_bpp": [],
        "bpp": [
            0.15033128526475695,
            0.5376459757486979,
            0.8780331081814235,
            1.7041252983940973
        ],
        "psnr": [
            27.29491384824117,
            31.563836733500164,
            33.57153876622518,
            36.582508166631065
        ],
        "ms-ssim": [
            0.8883147686719894,
            0.9550962348779043,
            0.9712823033332825,
            0.9846057568987211
        ],
        "lpips": [
            0.32588237586120766,
            0.14135280313591161,
            0.08933074958622456,
            0.043181186309084296
        ],
        "ssim": [
            0.6970477774739265,
            0.8295842483639717,
            0.8772879789272944,
            0.9278927569588026
        ]
    }
}