{
    "name": "NIF25 [PSNR] - 9-bits quantization",
    "type": "ablation",
    "results": {
        "config": [
            "psnr_64_16_2_5_09bits",
            "psnr_176_32_4_0_09bits",
            "psnr_240_09bits",
            "psnr_320_64_4.5_6_09bits"
        ],
        "state_bpp": [],
        "bpp": [
            0.1727871365017361,
            0.617523193359375,
            1.008880615234375,
            1.9655693901909723
        ],
        "psnr": [
            27.332474788029987,
            31.636114994684856,
            33.69296352068583,
            36.95995537439982
        ],
        "ms-ssim": [
            0.8891298746069273,
            0.9556620419025421,
            0.9719480698307356,
            0.9859436502059301
        ],
        "lpips": [
            0.32520269230008125,
            0.14003410019601384,
            0.08782345925768216,
            0.039933430729433894
        ],
        "ssim": [
            0.6981465692321459,
            0.830890861650308,
            0.8794015720486641,
            0.9341447750727335
        ]
    }
}