{
    "name": "NIF25 [PSNR] - 14-bits quantization",
    "type": "ablation",
    "results": {
        "config": [
            "psnr_64_16_2_5_14bits",
            "psnr_176_32_4_0_14bits",
            "psnr_240_14bits",
            "psnr_320_64_4.5_6_14bits"
        ],
        "state_bpp": [],
        "bpp": [
            0.2793545193142361,
            1.0088772243923612,
            1.652496337890625,
            3.238616943359375
        ],
        "psnr": [
            27.345971902211506,
            31.662745078404743,
            33.74273872375488,
            37.207440535227455
        ],
        "ms-ssim": [
            0.8894030774633089,
            0.9558875784277916,
            0.9722345769405365,
            0.9868186339735985
        ],
        "lpips": [
            0.32478030150135356,
            0.1394746651252111,
            0.0869559998003145,
            0.03743359066235522
        ],
        "ssim": [
            0.6985398208101591,
            0.8313816885153452,
            0.88029994815588,
            0.9384437625606855
        ]
    }
}