{
    "name": "NIF25 [PSNR] - 5-bits quantization",
    "type": "ablation",
    "results": {
        "config": [
            "psnr_64_16_2_5_05bits",
            "psnr_176_32_4_0_05bits",
            "psnr_240_05bits",
            "psnr_320_64_4.5_6_05bits"
        ],
        "state_bpp": [],
        "bpp": [
            0.08516777886284722,
            0.2971954345703125,
            0.48178015814887154,
            0.9201338026258681
        ],
        "psnr": [
            25.14288107554118,
            28.117806752522785,
            29.399125576019287,
            30.69242000579834
        ],
        "ms-ssim": [
            0.8287849252422651,
            0.9116310502092043,
            0.933149461944898,
            0.947427049279213
        ],
        "lpips": [
            0.3977496189375718,
            0.2229236721371611,
            0.17189534784605107,
            0.1319077036653956
        ],
        "ssim": [
            0.630884246279796,
            0.743963027993838,
            0.7845133642355601,
            0.8130362952748934
        ]
    }
}