{
    "name": "NIF25 [PSNR] - 16-bits quantization",
    "type": "ablation",
    "results": {
        "config": [
            "psnr_64_16_2_5_16bits",
            "psnr_176_32_4_0_16bits",
            "psnr_240_16bits",
            "psnr_320_64_4.5_6_16bits"
        ],
        "state_bpp": [],
        "bpp": [
            0.3219502766927083,
            1.165252685546875,
            1.9096510145399306,
            3.7472330729166665
        ],
        "psnr": [
            27.34601132074992,
            31.66277853647868,
            33.74287819862366,
            37.20813783009847
        ],
        "ms-ssim": [
            0.8894029185175896,
            0.955886629720529,
            0.9722354263067245,
            0.9868217582503954
        ],
        "lpips": [
            0.3247730912019809,
            0.13946213743959865,
            0.08694587694481015,
            0.03743159926186005
        ],
        "ssim": [
            0.6985387206077576,
            0.8313811471064886,
            0.8803010856111845,
            0.9384564906358719
        ]
    }
}