{
    "name": "NIF25 [PSNR] - 4-bits quantization",
    "type": "ablation",
    "results": {
        "config": [
            "psnr_64_16_2_5_04bits",
            "psnr_176_32_4_0_04bits",
            "psnr_240_04bits",
            "psnr_320_64_4.5_6_04bits"
        ],
        "state_bpp": [],
        "bpp": [
            0.06251102023654515,
            0.2127744886610243,
            0.3435923258463542,
            0.6510984632703993
        ],
        "psnr": [
            21.823838869730633,
            23.894020875295002,
            24.797030766805012,
            25.582793315251667
        ],
        "ms-ssim": [
            0.6795562443633875,
            0.7908312405149142,
            0.8247684612870216,
            0.8409606739878654
        ],
        "lpips": [
            0.5315841821332773,
            0.399934358894825,
            0.35770804435014725,
            0.33560699100295704
        ],
        "ssim": [
            0.5120974263797203,
            0.5774897485971451,
            0.6060343955953916,
            0.6193430610001087
        ]
    }
}