{
    "name": "NIF25 [PSNR] - 7-bits quantization",
    "type": "ablation",
    "results": {
        "config": [
            "psnr_64_16_2_5_07bits",
            "psnr_176_32_4_0_07bits",
            "psnr_240_07bits",
            "psnr_320_64_4.5_6_07bits"
        ],
        "state_bpp": [],
        "bpp": [
            0.12909952799479166,
            0.4586944580078125,
            0.7475306193033854,
            1.4451700846354167
        ],
        "psnr": [
            27.15024511019389,
            31.296722571055096,
            33.179684241612755,
            35.75533493359884
        ],
        "ms-ssim": [
            0.8851535866657892,
            0.9528144424160322,
            0.9689886495471001,
            0.9815258011221886
        ],
        "lpips": [
            0.3292770255357027,
            0.1460139692450563,
            0.09477434027940035,
            0.050902168305280306
        ],
        "ssim": [
            0.6928240805864334,
            0.8244562596082687,
            0.870582677423954,
            0.9152376999457678
        ]
    }
}