{
    "name": "NIF25 [PSNR] - 10-bits quantization",
    "type": "ablation",
    "results": {
        "config": [
            "psnr_64_16_2_5_10bits",
            "psnr_176_32_4_0_10bits",
            "psnr_240_10bits",
            "psnr_320_64_4.5_6_10bits"
        ],
        "state_bpp": [],
        "bpp": [
            0.19411214192708334,
            0.6959364149305556,
            1.1378614637586806,
            2.2206895616319446
        ],
        "psnr": [
            27.342272996902466,
            31.655386368433636,
            33.72824947039286,
            37.11698849995931
        ],
        "ms-ssim": [
            0.8893323838710785,
            0.9558226068814596,
            0.9721488505601883,
            0.9864971141020457
        ],
        "lpips": [
            0.3249569622178872,
            0.13964945450425148,
            0.08726075384765863,
            0.03839916685440888
        ],
        "ssim": [
            0.6984428986907005,
            0.8312394445141157,
            0.8800295193990072,
            0.936866782605648
        ]
    }
}