{
    "name": "NIF25 [Visual] - 12-bits quantization",
    "type": "ablation",
    "results": {
        "config": [
            "64_16_2_5_visual_12",
            "176_32_4_0_visual_12",
            "240_visual_12",
            "320_64_4.5_6_visual_12"
        ],
        "state_bpp": [],
        "bpp": [
            0.2368130154079861,
            0.8508843315972222,
            1.39617919921875,
            2.7185838487413196
        ],
        "psnr": [
            27.00249743461609,
            31.29265554745992,
            33.407178004582725,
            36.895466248194374
        ],
        "ms-ssim": [
            0.9113203113277754,
            0.9683767308791479,
            0.9806186680992445,
            0.9910231952865919
        ],
        "lpips": [
            0.30080843282242614,
            0.11977675200129549,
            0.07149345660582185,
            0.029186278659229476
        ],
        "ssim": [
            0.7348415491481622,
            0.8671509101986885,
            0.9100651989380518,
            0.9603368317087492
        ],
        "encode_time": [],
        "decode_time": []
    }
}