{
    "name": "NIF25 [Visual] - 7-bits quantization",
    "type": "ablation",
    "results": {
        "config": [
            "64_16_2_5_visual_07",
            "176_32_4_0_visual_07",
            "240_visual_07",
            "320_64_4.5_6_visual_07"
        ],
        "state_bpp": [],
        "bpp": [
            0.12891642252604166,
            0.4567599826388889,
            0.7479849921332465,
            1.4322246975368924
        ],
        "psnr": [
            26.78744061787923,
            30.862667083740234,
            32.82113711039225,
            35.10388215382894
        ],
        "ms-ssim": [
            0.9066100319226583,
            0.9649253462751707,
            0.9776392603913943,
            0.9859970137476921
        ],
        "lpips": [
            0.30572904584308463,
            0.12745785946026444,
            0.07901438768021762,
            0.043105741419518985
        ],
        "ssim": [
            0.7280119595428308,
            0.8590677827596664,
            0.9015155161420504,
            0.935669961074988
        ],
        "encode_time": [],
        "decode_time": []
    }
}