{
    "name": "NIF25 [Visual] - 8-bits quantization",
    "type": "ablation",
    "results": {
        "config": [
            "64_16_2_5_visual_08",
            "176_32_4_0_visual_08",
            "240_visual_08",
            "320_64_4.5_6_visual_08"
        ],
        "state_bpp": [],
        "bpp": [
            0.15004052056206596,
            0.5356648763020834,
            0.8782823350694444,
            1.6913765801323786
        ],
        "psnr": [
            26.945977131525677,
            31.17757733662923,
            33.24703629811605,
            36.12183475494385
        ],
        "ms-ssim": [
            0.9101360663771629,
            0.9674864461024603,
            0.9798434500892957,
            0.9890511681636175
        ],
        "lpips": [
            0.3020938864598672,
            0.12192725948989391,
            0.07355487439781427,
            0.03466611933739235
        ],
        "ssim": [
            0.7331122420728207,
            0.8650861953695616,
            0.9078344255685806,
            0.9496806512276331
        ],
        "encode_time": [],
        "decode_time": []
    }
}