{
    "name": "NIF25 [Visual] - 6-bits quantization",
    "type": "ablation",
    "results": {
        "config": [
            "64_16_2_5_visual_06",
            "176_32_4_0_visual_06",
            "240_visual_06",
            "320_64_4.5_6_visual_06"
        ],
        "state_bpp": [],
        "bpp": [
            0.107421875,
            0.3774651421440972,
            0.6171374850802951,
            1.172557406955295
        ],
        "psnr": [
            26.226158539454143,
            29.861671447753906,
            31.553879976272583,
            33.21540363629659
        ],
        "ms-ssim": [
            0.8929294968644778,
            0.9553591261307398,
            0.9696381265918413,
            0.9783604964613914
        ],
        "lpips": [
            0.3212867671002944,
            0.14639652520418167,
            0.09784681706999739,
            0.06267039640806615
        ],
        "ssim": [
            0.7104747667908669,
            0.8377256914973259,
            0.8792694956064224,
            0.9066901604334513
        ],
        "encode_time": [],
        "decode_time": []
    }
}