{
    "name": "AVIF",
    "type": "traditional",
    "results": {
        "config": [
            "10",
            "20",
            "30",
            "40",
            "50",
            "60",
            "70"
        ],
        "state_bpp": [],
        "bpp": [
            0.10232967800564235,
            0.19730716281467015,
            0.31667666965060765,
            0.4907413058810764,
            0.7306798299153646,
            1.0950037638346355,
            1.4118889702690973
        ],
        "psnr": [
            27.266271193822224,
            29.409919023513794,
            31.312557856241863,
            33.36619893709818,
            35.51761945088705,
            37.98586734135946,
            39.6422692934672
        ],
        "ms-ssim": [
            0.902629961570104,
            0.941882905860742,
            0.9627815658847491,
            0.9765114411711693,
            0.9851294731100401,
            0.9909226993719736,
            0.993451215326786
        ],
        "lpips": [
            0.3673049993813038,
            0.2573766130954027,
            0.17977411237855753,
            0.11855562132162352,
            0.07880179801334937,
            0.050489564115802445,
            0.03683566065349927
        ],
        "ssim": [
            0.7276084870100021,
            0.8029605150222778,
            0.8572602719068527,
            0.9005974431832632,
            0.9316593209902445,
            0.9551095316807429,
            0.9660495022932688
        ]
    }
}