{
    "name": "JPEG",
    "type": "traditional",
    "results": {
        "config": [
            "5",
            "8",
            "10",
            "20",
            "30",
            "40",
            "50",
            "60",
            "70",
            "90"
        ],
        "state_bpp": [],
        "bpp": [
            0.14073265923394096,
            0.2099634806315104,
            0.2552931043836806,
            0.44866689046223956,
            0.6093707614474826,
            0.7425418429904513,
            0.8679521348741319,
            1.004058837890625,
            1.2118937174479167,
            2.762966579861111
        ],
        "psnr": [
            23.852236827214558,
            25.8482346534729,
            26.67087237040202,
            29.142758925755818,
            30.48745075861613,
            31.415281375249226,
            32.164783318837486,
            32.89602359135946,
            33.902190844217934,
            39.03701941172282
        ],
        "ms-ssim": [
            0.8070233290394148,
            0.8727850839495659,
            0.8941915755470594,
            0.9456108336647352,
            0.9630609999100367,
            0.9715808977683386,
            0.9767478133241335,
            0.9804786418875059,
            0.9845489785075188,
            0.9955419873197874
        ],
        "lpips": [
            0.4656509185830752,
            0.3640949912369251,
            0.3235351362576087,
            0.19723312028994164,
            0.1416679105410973,
            0.11164581558356683,
            0.0916410842910409,
            0.07556262596820791,
            0.05691364601564904,
            0.008400577605546763
        ],
        "ssim": [
            0.6452080557743708,
            0.7149091884493828,
            0.7448345050215721,
            0.8248788565397263,
            0.8605958124001821,
            0.8809931427240372,
            0.8955106139183044,
            0.9078820049762726,
            0.9224088142315546,
            0.9652711103359858
        ]
    }
}