{
    "name": "JPEG XL",
    "type": "traditional",
    "results": {
        "config": [
            "10",
            "15",
            "20",
            "25",
            "30",
            "40",
            "50",
            "60",
            "70",
            "85",
            "90",
            "95"
        ],
        "state_bpp": [],
        "bpp": [
            0.1820644802517361,
            0.23049418131510416,
            0.29355282253689235,
            0.3554873996310764,
            0.39863332112630206,
            0.4482777913411458,
            0.5222066243489584,
            0.6349377102322049,
            0.8154500325520834,
            1.4265958997938368,
            1.8792088826497395,
            2.8375667995876737
        ],
        "psnr": [
            26.758567969004314,
            27.696589867273968,
            28.649746259053547,
            29.44229531288147,
            29.920488278071087,
            30.490772247314453,
            31.213966925938923,
            32.11513074239095,
            33.462103605270386,
            36.84721819559733,
            38.59593788782755,
            41.41253900527954
        ],
        "ms-ssim": [
            0.9052532116572062,
            0.9239084174235662,
            0.9410482322176298,
            0.9514662598570188,
            0.9576534455021223,
            0.9627657607197762,
            0.9688638870914777,
            0.9744036172827085,
            0.9807547231515249,
            0.9899778018395106,
            0.9927887991070747,
            0.9959847380717596
        ],
        "lpips": [
            0.42164719601472217,
            0.35565936130781967,
            0.28870172053575516,
            0.24334406293928623,
            0.21726627306391796,
            0.190044853836298,
            0.1588412607088685,
            0.12418399813274543,
            0.08642928038413326,
            0.033002058936593436,
            0.018886886187829077,
            0.007505002431571484
        ],
        "ssim": [
            0.7136893570423126,
            0.7502526640892029,
            0.7869095851977667,
            0.8152712285518646,
            0.8307514588038126,
            0.8473777944842974,
            0.8659831484158834,
            0.8864399716258049,
            0.9118355140089989,
            0.9538604070742925,
            0.9676804517706236,
            0.9821480214595795
        ],
        "encode_time": [],
        "decode_time": [],
        "decode_time_no_context": []
    }
}