{
    "name": "NIF25 [MS-SSIM]",
    "type": "inr",
    "results": {
        "config": [
            "128_32_3.0_5_msssim_0.70",
            "224_32_4.0_5_msssim_0.20"
        ],
        "state_bpp": [],
        "bpp": [
            0.04393143315018315,
            0.09090373168498168
        ],
        "psnr": [
            26.653897094726563,
            28.888630294799803
        ],
        "ms-ssim": [
            0.8660042524337769,
            0.9135501980781555
        ],
        "lpips": [
            0.45575726628303526,
            0.3757633030414581
        ],
        "ssim": [
            0.7699034094810486,
            0.8160742163658142
        ],
        "encode_time": [
            966.9239,
            1319.1410600000002
        ],
        "decode_time": [
            5.79578,
            5.89788
        ],
        "decode_time_no_context": [
            1.7018699169158935,
            1.7968524932861327
        ]
    },
    "results_std": {
        "bpp": [
            0.0011375831148688338,
            0.001581431484114025
        ],
        "psnr": [
            0.136284796240728,
            0.050410913534285035
        ],
        "ms-ssim": [
            0.002716476867434005,
            0.0006297325458188588
        ],
        "lpips": [
            0.010361813600685036,
            0.006225760856175614
        ],
        "ssim": [
            0.0017304594125923244,
            0.0008291573583469289
        ],
        "encode_time": [
            8.926656056161246,
            0.2185628582353233
        ],
        "decode_time": [
            0.02963059229917644,
            0.013827761930261676
        ],
        "decode_time_no_context": [
            0.017350814584984206,
            0.017006728677496225
        ]
    }
}