{
    "name": "NIF25 [PSNR]",
    "type": "inr",
    "results": {
        "config": [
            "128_32_3.0_5_psnr_0.70",
            "224_32_4_0_5_psnr_0.20"
        ],
        "state_bpp": [],
        "bpp": [
            0.043584020146520144,
            0.09571829212454212
        ],
        "psnr": [
            28.33892478942871,
            30.06604461669922
        ],
        "ms-ssim": [
            0.8297126054763794,
            0.879029381275177
        ],
        "lpips": [
            0.43745574951171873,
            0.35007346272468565
        ],
        "ssim": [
            0.7484434008598327,
            0.7839541077613831
        ],
        "encode_time": [
            893.90086,
            1237.29766
        ],
        "decode_time": [
            5.954,
            5.96962
        ],
        "decode_time_no_context": [
            1.7505662441253662,
            1.8728365421295166
        ]
    },
    "results_std": {
        "bpp": [
            0.001234173641352055,
            0.004326065800386237
        ],
        "psnr": [
            0.10565091645382972,
            0.048565449216149935
        ],
        "ms-ssim": [
            0.001603618131535219,
            0.0009698143568150724
        ],
        "lpips": [
            0.004312820923049873,
            0.004603810207459159
        ],
        "ssim": [
            0.0017307224942014875,
            0.0009331905881885291
        ],
        "encode_time": [
            9.611376996455835,
            14.264961766615418
        ],
        "decode_time": [
            0.22894310428575923,
            0.026500981113913517
        ],
        "decode_time_no_context": [
            0.0036681556327451694,
            0.007681604820891141
        ]
    }
}