{
    "name": "NIF25 [Visual]",
    "type": "inr",
    "results": {
        "config": [
            "128_32_3.0_5_visual_0.70",
            "224_32_4.0_5_visual_0.40"
        ],
        "state_bpp": [],
        "bpp": [
            0.04213484432234432,
            0.08129407051282052
        ],
        "psnr": [
            27.583960723876952,
            29.221145629882812
        ],
        "ms-ssim": [
            0.8544819593429566,
            0.9000699758529663
        ],
        "lpips": [
            0.4332900166511536,
            0.3490950882434845
        ],
        "ssim": [
            0.7672247767448426,
            0.8095301389694214
        ],
        "encode_time": [
            976.19046,
            1315.00746
        ],
        "decode_time": [
            5.80194,
            5.92052
        ],
        "decode_time_no_context": [
            1.7064621448516846,
            1.818912935256958
        ]
    },
    "results_std": {
        "bpp": [
            0.0003374502518393244,
            0.0007672125668695813
        ],
        "psnr": [
            0.08675185890807256,
            0.04512618106869307
        ],
        "ms-ssim": [
            0.0014353660114260554,
            0.0011242436096700035
        ],
        "lpips": [
            0.0026854398625150372,
            0.007277792349464482
        ],
        "ssim": [
            0.0015937053875889888,
            0.0005368663098298892
        ],
        "encode_time": [
            0.2485067866276513,
            12.08314640803463
        ],
        "decode_time": [
            0.005443620119001588,
            0.026190208093866043
        ],
        "decode_time_no_context": [
            0.014267528304068461,
            0.01846380443244606
        ]
    }
}