{
  "name": "JPEG",
  "type": "traditional",
  "results": {
    "bpp": [
      0.2211541069878473,
      0.3265889485677083,
      0.5082694159613717,
      0.6597925821940104,
      0.7855716281467015,
      0.905520968967014,
      1.0365854899088542,
      1.2387576633029511,
      1.5702429877387152,
      2.346322801378038
    ],
    "decoding_time": [
      0.0020609796047210693,
      0.002485553423563639,
      0.002621173858642578,
      0.002749919891357422,
      0.003101527690887451,
      0.0028890371322631836,
      0.0034528871377309165,
      0.00404427448908488,
      0.0037526885668436685,
      0.004601289828618367
    ],
    "psnr": [
      23.852217558478884,
      26.671820362912896,
      29.144544867912725,
      30.491472901629766,
      31.422047383963772,
      32.173815693680005,
      32.907577953887944,
      33.9167480790231,
      35.36998470823166,
      38.03397335708865
    ],
    "ms-ssim": [
      0.8070848609010378,
      0.8942425474524498,
      0.9456743324796358,
      0.963153287768364,
      0.9716928377747536,
      0.9768760800361633,
      0.980626292526722,
      0.9847214271624883,
      0.9888595268130302,
      0.9932898233334223
    ]
  }
}
