{
  "name": "WebP",
  "type": "traditional",
  "results": {
    "bpp": [
      0.23441908094618058,
      0.29633585611979163,
      0.40704854329427076,
      0.5127054850260416,
      0.6207394070095488,
      0.7218170166015625,
      0.823674519856771,
      0.9342905680338545,
      1.2163136800130208,
      2.0103539360894094
    ],
    "encoding_time": [
      0.04824362198511759,
      0.05103123188018799,
      0.05043355623881022,
      0.04555271069208781,
      0.046442270278930664,
      0.05141331752141317,
      0.05313400427500407,
      0.05108151833216349,
      0.05733773112297058,
      0.06469822923342387
    ],
    "decoding_time": [
      0.0050467948118845625,
      0.005570222934087117,
      0.005972037712732951,
      0.0054792364438374834,
      0.0057011644045511884,
      0.006589571634928386,
      0.006550272305806478,
      0.006893316904703776,
      0.008039851983388266,
      0.010821640491485596
    ],
    "psnr": [
      28.328423744366216,
      29.151204697456183,
      30.406978600601203,
      31.442620807704415,
      32.424823911835816,
      33.23755288420069,
      33.971663261088935,
      34.69344957158017,
      36.36904628327982,
      39.55695217506825
    ],
    "ms-ssim": [
      0.9257408926884333,
      0.9396436711152395,
      0.954955168068409,
      0.9641676147778829,
      0.9705147941907247,
      0.9750599637627602,
      0.9786929190158844,
      0.9816515545050303,
      0.9868997186422348,
      0.9932735015948614
    ]
  }
}
