{
    "name": "NIF",
    "description": "Neural Imaging Format",
    "results": {
        "config": [
            "13_67",
            "11_41"
        ],
        "bpp": [
            2.495420499844514,
            0.7914828460479658
        ],
        "psnr": [
            26.35095920562744,
            35.431237030029294
        ],
        "ms-ssim": [
            0.6505190417170524,
            0.9873225808143615
        ],
        "ssim": [
            0.6014177709817886,
            0.921645712852478
        ]
    }
}