{
    "name": "NIF25 [MS-SSIM] w. Traditional SIREN layers",
    "type": "ablation",
    "results": {
        "config": [
            "64_16_2_5_l1_ssim",
            "176_32_4_0_l1_ssim",
            "240_l1_ssim",
            "320_64_4.5_6_l1_ssim"
        ],
        "state_bpp": [],
        "bpp": [
            0.14010704888237846,
            0.46660105387369794,
            0.7369478013780382,
            1.5491129557291667
        ],
        "psnr": [
            25.82759960492452,
            30.071730534235638,
            32.06407125790914,
            35.81267293294271
        ],
        "ms-ssim": [
            0.91130959490935,
            0.9682582542300224,
            0.9800904244184494,
            0.9912119085590044
        ],
        "lpips": [
            0.31999048963189125,
            0.1332494462840259,
            0.08159743435680866,
            0.0311404912887762
        ],
        "ssim": [
            0.7383447587490082,
            0.8646936838825544,
            0.905043882628282,
            0.9528963267803192
        ],
        "encode_time": [],
        "decode_time": [],
        "decode_time_no_context": []
    }
}