{
    "name": "NIF25 [PSNR] w. Traditional SIREN layers",
    "type": "ablation",
    "results": {
        "config": [
            "64_16_2_5",
            "176_32_4_0",
            "240",
            "320_64_4.5_6"
        ],
        "state_bpp": [],
        "bpp": [
            0.1338043212890625,
            0.45698293050130206,
            0.7148895263671875,
            1.5537982516818576
        ],
        "psnr": [
            27.21177872021993,
            31.2838138739268,
            33.07139126459757,
            36.331531842549644
        ],
        "ms-ssim": [
            0.8867679809530576,
            0.9530817319949468,
            0.9686065887411436,
            0.9846629152695338
        ],
        "lpips": [
            0.32482309825718403,
            0.14517869241535664,
            0.09562811953946948,
            0.04377587504374484
        ],
        "ssim": [
            0.6956178657710552,
            0.825259231030941,
            0.8697625175118446,
            0.9280059859156609
        ],
        "encode_time": [],
        "decode_time": [],
        "decode_time_no_context": []
    }
}