{
    "name": "NIF25 [Visual] w. Traditional SIREN layers",
    "type": "ablation",
    "results": {
        "config": [
            "64_16_2_5_visual",
            "176_32_4_0_visual",
            "240_visual",
            "320_64_4.5_6_visual"
        ],
        "state_bpp": [],
        "bpp": [
            0.12052747938368055,
            0.38918982611762154,
            0.7264031304253472,
            1.5931099785698786
        ],
        "psnr": [
            26.443081696828205,
            29.856869220733643,
            32.64033524195353,
            36.00472370783488
        ],
        "ms-ssim": [
            0.9009310901165009,
            0.957100510597229,
            0.9773747622966766,
            0.9894426340858141
        ],
        "lpips": [
            0.31005904202659923,
            0.14487441629171371,
            0.0801057294011116,
            0.034169321220057704
        ],
        "ssim": [
            0.7208542798956236,
            0.8416624392072359,
            0.9007448330521584,
            0.9512563397487005
        ],
        "encode_time": [],
        "decode_time": [],
        "decode_time_no_context": []
    }
}