{
    "name": "AVIF",
    "type": "traditional",
    "results": {
        "config": [
            "5",
            "10",
            "15",
            "20",
            "30",
            "40"
        ],
        "state_bpp": [],
        "bpp": [
            0.0631614732346809,
            0.08642654279832108,
            0.11187461179387831,
            0.15104068731472756,
            0.23238352384773997,
            0.35402361609402316
        ],
        "psnr": [
            27.79878523291611,
            28.93057911570479,
            29.865908180795063,
            30.993782136498428,
            32.7122377535192,
            34.50675029289432
        ],
        "ms-ssim": [
            0.8974819721245184,
            0.9210488432791175,
            0.9363624279091998,
            0.9508786913825245,
            0.9663883767476896,
            0.9768880940065151
        ],
        "lpips": [
            0.4122632887305283,
            0.3586222073290406,
            0.31865498205510584,
            0.27344284760879306,
            0.21330193521046056,
            0.16593909863291717
        ],
        "ssim": [
            0.762023382070588,
            0.7913169926259576,
            0.815733163821988,
            0.8429401124395975,
            0.8785402265990653,
            0.9074210960690569
        ]
    }
}