{
    "name": "COOL-CHIC v3.1",
    "type": "hybrid",
    "results": {
        "config": [
            "002",
            "0004",
            "0001",
            "00004",
            "00001"
        ],
        "bpp": [
            0.05687729059960899,
            0.16606244414396465,
            0.36332622511683677,
            0.5782352141516383,
            1.10548191660268
        ],
        "psnr": [
            28.97649383544922,
            32.535341355858776,
            35.76929911171518,
            37.902443769501474,
            41.079471588134766
        ],
        "ms-ssim": [
            0.9128247688456279,
            0.9600945841975328,
            0.9797062466784221,
            0.9868615778481088,
            0.9934428116170372
        ],
        "lpips": [
            0.3581119343274977,
            0.2356223137822093,
            0.15920343958750005,
            0.1200549892808606,
            0.06535722188106398
        ],
        "ssim": [
            0.7811134413975042,
            0.8635698440598278,
            0.9162666972090558,
            0.9404343235783461,
            0.9669787680230489
        ]
    }
}