{
    "name": "COOL-CHIC v2",
    "type": "hybrid",
    "results": {
        "config": [
            "002",
            "0004",
            "0001",
            "00004",
            "00001"
        ],
        "bpp": [
            0.056177401455376835,
            0.169402051685711,
            0.39484573211758134,
            0.63885202794137,
            1.2008880400357773
        ],
        "psnr": [
            28.252848090195073,
            31.761616916191286,
            35.141367191221654,
            37.5067138671875,
            40.945158888654014
        ],
        "ms-ssim": [
            0.9021004482013423,
            0.9551940880170683,
            0.9779358418976388,
            0.9859228483060511,
            0.9932037533783331
        ],
        "lpips": [
            0.3841316191161551,
            0.2566381323083145,
            0.17077296667891304,
            0.12529003310085432,
            0.06196857271034543
        ],
        "ssim": [
            0.7679073454403296,
            0.8517094065503377,
            0.9099125280612852,
            0.9378695139070836,
            0.9671548735804674
        ]
    }
}