{
    "name": "JPEG",
    "type": "traditional",
    "results": {
        "config": [
            "2",
            "5",
            "10",
            "12",
            "15",
            "17",
            "20"
        ],
        "state_bpp": [],
        "bpp": [
            0.07597853808769627,
            0.11534489612283383,
            0.20126391926158937,
            0.23272315204408137,
            0.2780496347772444,
            0.3074970278643802,
            0.3466973122739626
        ],
        "psnr": [
            22.526560062315404,
            25.056909421595133,
            28.15657248148104,
            28.842164109392865,
            29.708925712399367,
            30.136007681125548,
            30.712459843333175
        ],
        "ms-ssim": [
            0.7570787988057951,
            0.833055490400733,
            0.9040677547454834,
            0.9175793426792797,
            0.9329376729523263,
            0.9394041241669073,
            0.9479464510592018
        ],
        "lpips": [
            0.6147008145727763,
            0.5260340146175245,
            0.403715597056761,
            0.3680747191353542,
            0.32235220329063696,
            0.29803925389196817,
            0.2664354189140041
        ],
        "ssim": [
            0.6190906828496514,
            0.6942661513642567,
            0.7828710588013253,
            0.8009034409755613,
            0.8229331374168396,
            0.8336222128170293,
            0.8474292740589235
        ]
    }
}