{
    "name": "JPEG XL",
    "type": "traditional",
    "results": {
        "config": [
            "2",
            "10",
            "20",
            "30",
            "40",
            "50",
            "60",
            "70",
            "80",
            "90"
        ],
        "state_bpp": [],
        "bpp": [
            0.09677787968827305,
            0.13499180315516346,
            0.21253176353102102,
            0.2841551353565567,
            0.3196581980335024,
            0.3690931590574898,
            0.44618865292629023,
            0.574160435987739,
            0.8147651076615775,
            1.055976166943005
        ],
        "psnr": [
            28.196054132973277,
            28.879471243881596,
            30.753051571729706,
            31.90137314214939,
            32.355186695005834,
            32.93166639746689,
            33.658662935582605,
            34.72509379503204,
            36.1916930501054,
            39.21824073791504
        ],
        "ms-ssim": [
            0.9103599932135605,
            0.9261101804128508,
            0.9519218177330203,
            0.9633465918099008,
            0.9669938392755462,
            0.970986949234474,
            0.9750983322538981,
            0.9800059751766484,
            0.9847747014790047,
            0.9876269698143005
        ],
        "lpips": [
            0.43180264677943253,
            0.3835628323438691,
            0.2975857599479396,
            0.24952449322473713,
            0.23065514399147616,
            0.20681705089603983,
            0.17963317345555235,
            0.1389304146897502,
            0.08602475856498974,
            0.02692296076565981
        ],
        "ssim": [
            0.7673863303370592,
            0.7859742939472198,
            0.8356308253799997,
            0.8622714673600546,
            0.8724193485771737,
            0.8841404449648973,
            0.8970889812562524,
            0.9144742547011957,
            0.9347504682657195,
            0.9359782934188843
        ]
    }
}