{
    "name": "NIF",
    "type": "inr_other",
    "results": {
        "config": [
            "0_31",
            "200",
            "280",
            "360"
        ],
        "state_bpp": [],
        "bpp": [
            0.08651107381833335,
            0.15646228340827537,
            0.26213532037848775,
            0.43881950110650597
        ],
        "psnr": [
            27.713086337578005,
            29.338252742116044,
            30.889118287621475,
            32.52485024056784
        ],
        "ms-ssim": [
            0.8883950419542266,
            0.9225980712146293,
            0.9452426927845653,
            0.961816313790112
        ],
        "lpips": [
            0.40635314502003717,
            0.33574610185332415,
            0.2757977858049477,
            0.22275223918031992
        ],
        "ssim": [
            0.7524431667676786,
            0.7942538065154378,
            0.831135011300808,
            0.8655542818511405
        ],
        "encode_time": [],
        "decode_time": [],
        "decode_time_no_context": []
    }
}
