{
    "name": "NIF25 [PSNR]",
    "type": "inr",
    "results": {
        "config": [
            "128_32_3.0_5_psnr_0.70",
            "224_32_4.0_5_psnr_0.20",
            "272_48_4.5_6_psnr_0.40",
            "320_80_5.0_5_psnr_0.50",
            "368_96_5.0_5_psnr_0.70",
            "480_96_6.0_5_psnr_0.10"
        ],
        "state_bpp": [],
        "bpp": [
            0.08715949174438277,
            0.19104611479685438,
            0.3059958260088722,
            0.37423414019237555,
            0.467690485388289,
            0.6173277613702995
        ],
        "psnr": [
            28.418447354944743,
            30.531249860437907,
            31.92011749453661,
            32.481610926186164,
            33.01098316471751,
            34.02116100962569
        ],
        "ms-ssim": [
            0.8887361302608396,
            0.9259382486343384,
            0.9442084024592143,
            0.9502999346430708,
            0.955386113829729,
            0.9634223304143766
        ],
        "lpips": [
            0.35527038228947944,
            0.26163329808722907,
            0.20988961438671117,
            0.1937142540132854,
            0.17455659563675885,
            0.14891119371736194
        ],
        "ssim": [
            0.7517284169429685,
            0.8015185463719252,
            0.8319908743951379,
            0.8422261113073768,
            0.8525695277423393,
            0.8711321106771144
        ],
        "encode_time": [],
        "decode_time": [],
        "decode_time_no_context": []
    },
    "results_std": {
        "bpp": [
            0.11389672306832765,
            0.24719947879086493,
            0.38003291672764095,
            0.4696621213498738,
            0.5951734237164001,
            0.7674143422654793
        ],
        "psnr": [
            4.484575348781801,
            4.685646065848242,
            4.716698106471741,
            4.765418415626199,
            4.763903047835578,
            4.769497933824311
        ],
        "ms-ssim": [
            0.06720751831849742,
            0.046576224828673164,
            0.03584190601704529,
            0.03234413163407245,
            0.030161109877224954,
            0.023952425220715005
        ],
        "lpips": [
            0.12823137445318103,
            0.10922460721946166,
            0.09680190098623172,
            0.09451798338598354,
            0.09061737653748485,
            0.08115449183637902
        ],
        "ssim": [
            0.13336826317701472,
            0.11121561622900318,
            0.09737403873185879,
            0.09269648178204472,
            0.09006060543059265,
            0.07857398147245767
        ]
    }
}