{
    "name": "NIF25 [MS-SSIM]",
    "type": "inr",
    "results": {
        "config": [
            "128_32_3.0_5_msssim_0.70",
            "224_32_4.0_5_msssim_0.20",
            "272_48_4.5_6_msssim_0.30",
            "320_80_5.0_5_msssim_0.10",
            "368_96_5.0_5_msssim_0.10",
            "480_96_6.0_5_msssim_0.10"
        ],
        "state_bpp": [],
        "bpp": [
            0.07805459659002657,
            0.16138895900580008,
            0.24979555735819012,
            0.3593533167640125,
            0.46992152256152586,
            0.5700988937061425
        ],
        "psnr": [
            26.926985066111495,
            29.338394955890934,
            30.40438089138124,
            31.79869214499869,
            32.67061038133575,
            33.36823886778296
        ],
        "ms-ssim": [
            0.9055360381196185,
            0.9434561075233832,
            0.9573822922822905,
            0.9680954057995866,
            0.9738674890704271,
            0.9775483491944104
        ],
        "lpips": [
            0.34874209879738527,
            0.25813616889460783,
            0.2018506287983278,
            0.1696492025128952,
            0.14317001715847633,
            0.12440066283750462
        ],
        "ssim": [
            0.7770252453117836,
            0.8295052080619626,
            0.8562323581881639,
            0.8794140568593654,
            0.8945651795805954,
            0.9056024420552138
        ],
        "encode_time": [],
        "decode_time": [],
        "decode_time_no_context": []
    },
    "results_std": {
        "bpp": [
            0.08911222574555999,
            0.181097748923296,
            0.2687166288671674,
            0.3875995741092138,
            0.5007813590156557,
            0.5996873812407895
        ],
        "psnr": [
            3.9041362037959733,
            4.345972434377248,
            4.133577948381123,
            4.430044713575479,
            4.351602287879273,
            4.31173835988249
        ],
        "ms-ssim": [
            0.05546662235822247,
            0.03907471341352585,
            0.02829007127776547,
            0.02349642651074364,
            0.018822556494938542,
            0.015503630542805335
        ],
        "lpips": [
            0.12138771510903454,
            0.10878581167494326,
            0.09050572658586502,
            0.08327430778196378,
            0.07474690353583338,
            0.06554434678507023
        ],
        "ssim": [
            0.1149394510824772,
            0.0971681432265665,
            0.08222088152046496,
            0.07339985847755379,
            0.06429089913266292,
            0.0572393205622005
        ]
    }
}