{
    "name": "WebP",
    "type": "traditional",
    "results": {
        "config": [
            "2",
            "5",
            "10",
            "12",
            "15",
            "17",
            "20"
        ],
        "state_bpp": [],
        "bpp": [
            0.14474949496585784,
            0.1783270657953919,
            0.22145895595243695,
            0.23668336118490577,
            0.26117926665398034,
            0.27638459343972765,
            0.2996038833965163
        ],
        "psnr": [
            29.187630676641696,
            29.881076998826934,
            30.612140143789897,
            30.84407308625012,
            31.185270821175923,
            31.394958030886766,
            31.68440134932355
        ],
        "ms-ssim": [
            0.9238945114903334,
            0.9351905816938819,
            0.9453630054869303,
            0.9483532047853237,
            0.9523307361253878,
            0.9544098929661077,
            0.9574147898976396
        ],
        "lpips": [
            0.3428439819594709,
            0.3067217570979421,
            0.2684269749173304,
            0.2557691009488048,
            0.23948228595460333,
            0.23031412719226466,
            0.21741878831895387
        ],
        "ssim": [
            0.7972084967101493,
            0.8173780543048207,
            0.8378974969794111,
            0.8440015635839323,
            0.8530982979914037,
            0.8581148167935814,
            0.8650855523783986
        ]
    }
}