{
    "name": "BPG",
    "type": "traditional",
    "results": {
        "config": [
            "50",
            "40",
            "30",
            "20",
            "10"
        ],
        "state_bpp": [
            0.0,
            0.0,
            0.0,
            0.0,
            0.0
        ],
        "bpp": [
            0.03870290858720979,
            0.189906542796387,
            0.6739010503304342,
            1.8533344077678364,
            4.021141248578848
        ],
        "psnr": [
            25.529609298706056,
            30.083174196879067,
            35.05451412200928,
            39.995347595214845,
            43.02522036234538
        ],
        "ms-ssim": [
            0.8674545923868815,
            0.9492730796337128,
            0.9809751629829406,
            0.9937566836675008,
            0.997479397058487
        ],
        "lpips": [
            0.4633708938956261,
            0.26430636321504913,
            0.12037463262677192,
            0.026673269737511874,
            0.0026906640036031605
        ],
        "ssim": [
            0.7124649415413539,
            0.8400547067324321,
            0.9237111111481985,
            0.969319635629654,
            0.9846452752749125
        ]
    }
}