{
    "name": "JPEG",
    "type": "traditional",
    "results": {
        "config": [
            "10",
            "20",
            "30",
            "40",
            "50",
            "60",
            "70",
            "80",
            "90"
        ],
        "state_bpp": [
            0.0,
            0.0,
            0.0,
            0.0,
            0.0,
            0.0,
            0.0,
            0.0,
            0.0
        ],
        "bpp": [
            0.22929660570956226,
            0.39029096482906983,
            0.525674555723823,
            0.6408577934507333,
            0.7511384640048447,
            0.8712730143052042,
            1.0575859527401452,
            1.3677006744876437,
            2.6082530080017547
        ],
        "psnr": [
            27.06306807200114,
            29.34965165456136,
            30.541470781962076,
            31.33549887339274,
            31.987112998962402,
            32.59416357676188,
            33.448098246256514,
            34.67413641611735,
            38.74820671081543
        ],
        "ms-ssim": [
            0.9055970509847006,
            0.9469201703866322,
            0.9617965380350749,
            0.9691415429115295,
            0.9739558458328247,
            0.9774699628353118,
            0.9815479457378388,
            0.9859129508336385,
            0.994982369740804
        ],
        "ssim": [
            0.7690907736619313,
            0.8316623270511627,
            0.8605577170848846,
            0.8769358972708384,
            0.8890087385972341,
            0.8992736717065175,
            0.9116220931212108,
            0.9269167800744375,
            0.9595278124014537
        ]
    }
}