{
    "name": "JPEG XL",
    "type": "traditional",
    "results": {
        "config": [
            "10",
            "30",
            "50",
            "70"
        ],
        "state_bpp": [
            0.0,
            0.0,
            0.0,
            0.0
        ],
        "bpp": [
            0.1537334446526877,
            0.3181220888107268,
            0.418648049709479,
            0.6482343122488076
        ],
        "psnr": [
            27.48515739440918,
            30.27917569478353,
            31.389084116617838,
            33.236098289489746
        ],
        "ms-ssim": [
            0.9266675273577373,
            0.9614000260829926,
            0.9692550420761108,
            0.9783627370993296
        ],
        "lpips": [
            0.38593160957098005,
            0.23776479239265125,
            0.1887486968189478,
            0.11491557980577151
        ],
        "ssim": [
            0.7762272417545318,
            0.8535817702611287,
            0.8757232348124186,
            0.905809078613917
        ]
    }
}