{
    "name": "NIF2 - PSNR optimized",
    "type": "inr",
    "results": {
        "config": [
            "psnr_176_32_4_0_5",
            "psnr_272_32_5_0_5",
            "psnr_416_80_6_0_5",
            "psnr_672_128_7_0_5",
            "psnr_1280_160_9_0_5"
        ],
        "state_bpp": [],
        "bpp": [
            0.06822101273276246,
            0.10273747902372675,
            0.2378460102314653,
            0.503340621415474,
            1.036284069318907
        ],
        "psnr": [
            26.752263641357423,
            27.770246251424155,
            30.03011703491211,
            32.188880920410156,
            34.312710444132485
        ],
        "ms-ssim": [
            0.8948752721150716,
            0.9170731325944265,
            0.951093065738678,
            0.9697577099005381,
            0.9803456525007884
        ],
        "lpips": [
            0.36010455563664434,
            0.30677901208400726,
            0.20302851709226769,
            0.12355105529228846,
            0.07490919632837176
        ],
        "ssim": [
            0.7392669995625814,
            0.7698947191238403,
            0.8294758856296539,
            0.8767743587493897,
            0.9121221999327341
        ]
    }
}