{
    "name": "NIF2 - MS-SSIM optimized",
    "type": "inr",
    "results": {
        "config": [
            "ms_ssim_176_32_4_0_5",
            "ms_ssim_272_32_5_0_5",
            "ms_ssim_416_80_6_0_5",
            "ms_ssim_672_128_7_0_5",
            "ms_ssim_1280_160_9_0_5"
        ],
        "state_bpp": [],
        "bpp": [
            0.0688142708761249,
            0.10345282929296962,
            0.2363372451799779,
            0.4983908068449702,
            1.0237333659210348
        ],
        "psnr": [
            26.022038841247557,
            27.13610693613688,
            29.47507495880127,
            31.649934196472167,
            33.64652582804362
        ],
        "ms-ssim": [
            0.9078158835570017,
            0.931109752257665,
            0.9619432469209035,
            0.9770990014076233,
            0.9850792586803436
        ],
        "lpips": [
            0.36397442445158956,
            0.30287990607321263,
            0.18595396280288695,
            0.11101426022748152,
            0.06301417158295711
        ],
        "ssim": [
            0.7601694762706757,
            0.7930107355117798,
            0.853037581841151,
            0.8964069783687592,
            0.9265960137049357
        ]
    }
}