{
    "name": "WebP",
    "type": "traditional",
    "results": {
        "config": [
            "10",
            "20",
            "30",
            "40",
            "50",
            "60",
            "70",
            "80",
            "90"
        ],
        "state_bpp": [
            0.0,
            0.0,
            0.0,
            0.0,
            0.0,
            0.0,
            0.0,
            0.0,
            0.0
        ],
        "bpp": [
            0.2518448953552765,
            0.3373297854588783,
            0.42240836730701536,
            0.5162044088628227,
            0.6069481384506622,
            0.6968234824939767,
            0.7952393516473306,
            1.0601110663747833,
            1.8022407777580283
        ],
        "psnr": [
            29.39056676228841,
            30.490620867411295,
            31.385632769266763,
            32.27601617177327,
            32.98374977111816,
            33.615168762207034,
            34.23303648630778,
            35.6991854985555,
            38.313045756022134
        ],
        "ms-ssim": [
            0.9477175335089366,
            0.9589952806631724,
            0.9659474194049835,
            0.9709035714467367,
            0.9746298134326935,
            0.9776919623215993,
            0.9803165892759959,
            0.985244733095169,
            0.9916032195091248
        ],
        "ssim": [
            0.8327429115772247,
            0.858884706099828,
            0.876858921845754,
            0.8912247101465861,
            0.9022074500719707,
            0.9116576194763184,
            0.9200726985931397,
            0.9373039106527964,
            0.9619088808695475
        ]
    }
}